callen.lawson|Callen|Lawson|Jahrgang 12
emyr.jennings|Emyr|Jennings|Jahrgang 12
fletcher.mcbride|Fletcher|Mcbride|Jahrgang 12
jim.buck|Jim|Buck|Jahrgang 12
lacie-mae.mcgee|Lacie-Mae|Mcgee|Jahrgang 12
lacey-mai.mccarty|Lacey-Mai|Mccarty|Jahrgang 12
zain.hopper|Zain|Hopper|Jahrgang 12
duke.beattie|Duke|Beattie|Jahrgang 12
tyrese.castillo|Tyrese|Castillo|Jahrgang 12
ayaan.mendez|Ayaan|Mendez|Jahrgang 12
aaminah.seymour|Aaminah|Seymour|Jahrgang 12
tyler-james.Morse|Tyler-James|Morse|Jahrgang 12
rihanna.osborn|Rihanna|Osborn|Jahrgang 12
roan.bennett|Roan|Bennett|Jahrgang 12
star.ferry|Star|Ferry|Jahrgang 12
killian.austin|Killian|Austin|Jahrgang 12
sinead.fountain|Sinead|Fountain|Jahrgang 12
josh.gilliam|Josh|Gilliam|Jahrgang 12
madison.glenn|Madison|Glenn|Jahrgang 12
isaiah.howell|Isaiah|Howell|Jahrgang 12
ethan.cantu|Ethan|Cantu|Jahrgang 12
charlotte.penn|Charlotte|Penn|Jahrgang 12
millie.bridges|Millie|Bridges|Jahrgang 12
patience.hall|Patience|Hall|Jahrgang 12
ayat.mac|Ayat|Mac|Jahrgang 12
mina.knapp|Mina|Knapp|Jahrgang 12
myron.rice|Myron|Rice|Jahrgang 12
lorena.hatfield|Lorena|Hatfield|Jahrgang 12
eliza.david|Eliza|David|Jahrgang 12
jeff.sellers|Jeff|Sellers|Jahrgang 12
francisco.cisneros|Francisco|Cisneros|Jahrgang 12
giles.farrow|Giles|Farrow|Jahrgang 12
collette.thomas|Collette|Thomas|Jahrgang 12
nevaeh.schultz|Nevaeh|Schultz|Jahrgang 12
daisy-may.cordova|Daisy-May|Cordova|Jahrgang 12
mohammed.santos|Mohammed|Santos|Jahrgang 12
dana.emery|Dana|Emery|Jahrgang 12
kendrick.major|Kendrick|Major|Jahrgang 12
elli.mcgill|Elli|Mcgill|Jahrgang 12
muskaan.talley|Muskaan|Talley|Jahrgang 12
sahil.singleton|Sahil|Singleton|Jahrgang 12
nyla.naylor|Nyla|Naylor|Jahrgang 12
clarice.wilkins|Clarice|Wilkins|Jahrgang 12
preston.connor|Preston|Connor|Jahrgang 12
abdul.edwards|Abdul|Edwards|Klasse 6c
jamel.howard|Jamel|Howard|Klasse 6c
summer.hoffman|Summer|Hoffman|Klasse 6c
huw.shepard|Huw|Shepard|Klasse 6c
jemimah.watson|Jemimah|Watson|Klasse 6c
braiden.osborne|Braiden|Osborne|Klasse 6c
raul.stuart|Raul|Stuart|Klasse 6c
ammaar.mccartney|Ammaar|Mccartney|Klasse 6c
paloma.cummings|Paloma|Cummings|Klasse 6c
jaxon.cunningham|Jaxon|Cunningham|Klasse 6c
shirley.richard|Shirley|Richard|Klasse 6c
hilary.cresswell|Hilary|Cresswell|Klasse 6c
isabella.joyner|Isabella|Joyner|Klasse 6c
tyla.spencer|Tyla|Spencer|Klasse 6c
seth.rodgers|Seth|Rodgers|Klasse 6c
maude.traynor|Maude|Traynor|Klasse 6c
conner.peacock|Conner|Peacock|Klasse 6c
daisie.douglas|Daisie|Douglas|Klasse 6c
vanessa.benson|Vanessa|Benson|Klasse 6c
emeli.herbert|Emeli|Herbert|Klasse 6c
brian.kendall|Brian|Kendall|Klasse 6c
dario.dupont|Dario|Dupont|Klasse 6c
devin.huber|Devin|Huber|Klasse 6c
sonny.oconnor|Sonny|Oconnor|Klasse 6c
maliha.franklin|Maliha|Franklin|Klasse 6c
abbie.gunn|Abbie|Gunn|Klasse 6c
lubna.whitehead|Lubna|Whitehead|Klasse 6c
nile.mann|Nile|Mann|Klasse 6c
honor.cotton|Honor|Cotton|Klasse 6c
taliah.mayo|Taliah|Mayo|Klasse 6c
graham.braun|Graham|Braun|Klasse 6c
roberto.pearce|Roberto|Pearce|Klasse 6c
alisa.timms|Alisa|Timms|Klasse 6c
kristopher.rogers|Kristopher|Rogers|Klasse 6c
catrin.villarreal|Catrin|Villarreal|Lehrer
adela.moore|Adela|Moore|Lehrer
abdi.head|Abdi|Head|Lehrer
haseeb.mckinney|Haseeb|Mckinney|Lehrer
arnav.mohamed|Arnav|Mohamed|Lehrer
aryan.garcia|Aryan|Garcia|Lehrer
angelina.joyce|Angelina|Joyce|Lehrer
andrea.bates|Andrea|Bates|Lehrer
emre.guest|Emre|Guest|Lehrer
lennie.skinner|Lennie|Skinner|Lehrer
dora.markham|Dora|Markham|Lehrer
bayley.cross|Bayley|Cross|Lehrer
leia.lara|Leia|Lara|Lehrer
huseyin.duran|Huseyin|Duran|Lehrer
carol.magana|Carol|Magana|Lehrer
eloisa.leach|Eloisa|Leach|Lehrer
carina.sharma|Carina|Sharma|Lehrer
dawson.mcgowan|Dawson|Mcgowan|Lehrer
parker.doyle|Parker|Doyle|Lehrer
lewis.briggs|Lewis|Briggs|Lehrer
brenna.silva|Brenna|Silva|Lehrer
safah.scott|Safah|Scott|Lehrer